{"cameraMode":{"drawMode":0,"name":"Shaded","section":"Shading Mode"},"sceneLighting":true,"audioPlay":false,"sceneViewState":{"m_AlwaysRefresh":false,"showFog":true,"showSkybox":true,"showFlares":true,"showImageEffects":true,"showParticleSystems":true,"showVisualEffectGraphs":true,"m_FxEnabled":true},"in2DMode":false,"pivot":{"x":20.106178283691408,"y":23.799528121948243,"z":51.23649978637695},"rotation":{"x":0.21051114797592164,"y":0.3051658272743225,"z":-0.06936458498239517,"w":0.9261503219604492},"size":33.20216751098633,"orthographic":true}