{"cameraMode":{"drawMode":0,"name":"Shaded","section":"Shading Mode"},"sceneLighting":true,"audioPlay":false,"sceneViewState":{"m_AlwaysRefresh":false,"showFog":true,"showSkybox":true,"showFlares":true,"showImageEffects":true,"showParticleSystems":true,"showVisualEffectGraphs":true,"m_FxEnabled":true},"in2DMode":false,"pivot":{"x":24.121505737304689,"y":4.627021312713623,"z":33.99675750732422},"rotation":{"x":0.12780578434467317,"y":0.18656869232654572,"z":-0.024486923590302469,"w":0.973789393901825},"size":7.247027397155762,"orthographic":true}